Processes,Threads,Time

1,1,16.360717

1,2,9.172024

1,4,5.690644

1,8,4.026088

1,16,3.013838

1,32,5.085871

1,64,6.792746
