Processes,Threads,Time

1,1,202.020379

1,2,102.799537

1,4,77.216471

1,8,72.916699

1,16,48.369208

1,32,46.922959

1,64,66.101359
