Processes,Threads,Time

1,2,102.225294
1,2,118.180091
1,2,122.871576
1,2,111.648885
1,2,132.412160
1,4,70.507037
1,4,78.627602
1,4,76.361208
1,4,82.824698
1,4,70.815105
1,8,80.339684
1,8,82.631824
1,8,63.743710
1,8,70.762810
1,8,78.327696
1,16,40.316138
1,16,52.199939
1,16,39.918257
1,16,39.646789
1,16,32.760323
1,32,51.507573
1,32,77.308068
1,32,78.048379
1,32,52.554394
1,32,48.095788
1,64,45.900679
1,64,77.579425
1,64,75.213518
1,64,71.163461
1,64,88.010465