Processes,Threads,Time

1,2,110.744776
1,2,118.649134
1,2,110.573385
1,2,120.580601
1,2,127.250160
1,4,79.862081
1,4,79.463032
1,4,71.674221
1,4,87.759101
1,4,78.873533
1,8,73.624577
1,8,44.893734
1,8,80.111341
1,8,72.960929
1,8,67.049725
1,16,77.108915
1,16,39.809335
1,16,32.929988
1,16,75.052892
1,16,86.361801
1,32,75.800287
1,32,75.772869
1,32,76.516926
1,32,78.096944
1,32,79.057148
1,64,78.481574
1,64,71.592699
1,64,50.187442
1,64,57.606215
1,64,92.025102