Processes,Threads,Time

1,1,201.875101

1,2,117.632464

1,4,93.737496

1,8,46.174382

1,16,54.191219

1,32,54.804308

1,64,70.357534
