Processes,Threads,Time

1,1,16.413532

1,2,8.654456

1,4,5.623970

1,8,4.699549

1,16,3.100955

1,32,4.806345

1,64,6.480434
