Processes,Threads,Time

1,1,16.312541

1,4,15.967514

16,4,3.656918
